{
  "type": "minecraft:vegetation_patch",
  "config": {
    "depth": 1,
    "extra_bottom_block_chance": 0.0,
    "extra_edge_column_chance": 0.0,
    "ground_state": {
      "type": "minecraft:simple_state_provider",
      "state": {
        "Name": "minecraft:farmland",
        "Properties": {
          "moisture": "0"
        }
      }
    },
    "replaceable": "#gigantica:crop_replaceable",
    "surface": "floor",
    "vegetation_chance": 1,
    "vegetation_feature": {
      "feature": "gigantica:crop_veg",
      "placement": []
    },
    "vertical_range": 2,
    "xz_radius": 0
  }
}