{
  "type": "minecraft:simple_block",
  "config": {
    "to_place": {
      "type": "minecraft:weighted_state_provider",
      "entries": [
        {
          "data": {
            "Name": "minecraft:beetroots",
            "Properties": {
              "age": "3"
            }
          },
          "weight": 10
        },
        {
          "data": {
            "Name": "minecraft:potatoes",
            "Properties": {
              "age": "7"
            }
          },
          "weight": 15
        },
        {
          "data": {
            "Name": "minecraft:carrots",
            "Properties": {
              "age": "7"
            }
          },
          "weight": 25
        },
        {
          "data": {
            "Name": "minecraft:wheat",
            "Properties": {
              "age": "7"
            }
          },
          "weight": 50
        }
      ]
    }
  }
}