{
    "criteria": {
        "requirement": {
            "trigger": "minecraft:used_ender_eye",
            "conditions": {
                "player": [
                    {
                        "condition": "minecraft:entity_properties",
                        "entity": "this",
                        "predicate": {
                            "nbt": "{SelectedItem:{tag:{gigantican:{bonemeal_essence:1b}}}}"
                        }
                    }
                ]
            }
        }
    },
    "rewards": {
        "function": "gigantica:action/item/bonemeal_used"
    }
}