{
	"type": "minecraft:chest",
	"pools": [
		{
			"rolls": 1,
			"entries": [
				{
					"type": "minecraft:loot_table",
					"name": "gigantica:i/bonemeal_essence",
					"functions": [
						{
							"function": "minecraft:set_count",
							"count": {
								"type": "uniform",
								"min": 5,
								"max": 15
							}
						}
					]
				}
			]
		},
		{
			"rolls": 13,
			"entries": [
				{
					"type": "minecraft:item",
					"weight": 1,
					"name": "minecraft:golden_apple",
					"functions": [
						{
							"function": "minecraft:limit_count",
							"limit": 1
						}
					]
				},
				{
					"type": "minecraft:item",
					"weight": 2,
					"name": "minecraft:golden_carrot",
					"functions": [
						{
							"function": "minecraft:set_count",
							"count": {
								"type": "uniform",
								"min": 1,
								"max": 4
							}
						}
					]
				},
				{
					"type": "minecraft:item",
					"weight": 4,
					"name": "minecraft:melon_slice",
					"functions": [
						{
							"function": "minecraft:set_count",
							"count": {
								"type": "uniform",
								"min": 1,
								"max": 8
							}
						}
					]
				},
				{
					"type": "minecraft:item",
					"weight": 3,
					"name": "minecraft:bone_meal",
					"functions": [
						{
							"function": "minecraft:set_count",
							"count": {
								"type": "uniform",
								"min": 1,
								"max": 10
							}
						}
					]
				},
				{
					"type": "minecraft:item",
					"weight": 3,
					"name": "minecraft:dark_oak_sapling",
					"functions": [
						{
							"function": "minecraft:set_count",
							"count": {
								"type": "uniform",
								"min": 1,
								"max": 7
							}
						}
					]
				},
				{
					"type": "minecraft:item",
					"weight": 3,
					"name": "minecraft:jungle_sapling",
					"functions": [
						{
							"function": "minecraft:set_count",
							"count": {
								"type": "uniform",
								"min": 1,
								"max": 7
							}
						}
					]
				},
				{
					"type": "minecraft:item",
					"weight": 4,
					"name": "minecraft:oak_sapling",
					"functions": [
						{
							"function": "minecraft:set_count",
							"count": {
								"type": "uniform",
								"min": 1,
								"max": 7
							}
						}
					]
				},
				{
					"type": "minecraft:item",
					"weight": 4,
					"name": "minecraft:sugar_cane",
					"functions": [
						{
							"function": "minecraft:set_count",
							"count": {
								"type": "uniform",
								"min": 1,
								"max": 7
							}
						}
					]
				},
				{
					"type": "minecraft:item",
					"weight": 3,
					"name": "minecraft:pumpkin_seeds",
					"functions": [
						{
							"function": "minecraft:set_count",
							"count": {
								"type": "uniform",
								"min": 1,
								"max": 7
							}
						}
					]
				},
				{
					"type": "minecraft:item",
					"weight": 5,
					"name": "minecraft:wheat_seeds",
					"functions": [
						{
							"function": "minecraft:set_count",
							"count": {
								"type": "uniform",
								"min": 1,
								"max": 7
							}
						}
					]
				},
				{
					"type": "minecraft:item",
					"weight": 5,
					"name": "minecraft:glow_berries",
					"functions": [
						{
							"function": "minecraft:set_count",
							"count": {
								"type": "uniform",
								"min": 1,
								"max": 16
							},
							"add": false
						}
					]
				},
				{
					"type": "minecraft:loot_table",
					"weight": 2,
					"name": "gigantica:i/bonemeal_essence",
					"functions": [
						{
							"function": "minecraft:set_count",
							"count": {
								"type": "uniform",
								"min": 7,
								"max": 12
							}
						}
					]
				}
			]
		}
	]
}