{
	"credit": "Made with Blockbench",
	"textures": {
		"1": "gigantica:item/roots_texture"
	},
	"elements": [
		{
			"from": [-16, -7, 5],
			"to": [-9, 9, 11],
			"rotation": {"angle": 0, "axis": "y", "origin": [8, 4.85476, 8]},
			"faces": {
				"north": {"uv": [10.25, 4, 8.5, 8], "texture": "#1"},
				"east": {"uv": [9.25, 9.75, 7.75, 13.75], "texture": "#1"},
				"south": {"uv": [10.25, 0, 8.5, 4], "texture": "#1"},
				"west": {"uv": [7.75, 9.25, 6.25, 13.25], "texture": "#1"},
				"up": {"uv": [11.75, 0, 10.25, 1.75], "rotation": 90, "texture": "#1"},
				"down": {"uv": [11.75, 3.5, 10.25, 1.75], "rotation": 270, "texture": "#1"}
			}
		},
		{
			"from": [-12.19469, 10.78543, 3],
			"to": [2.80531, 17.78543, 13],
			"rotation": {"angle": 22.5, "axis": "z", "origin": [8, 4.85476, 8]},
			"faces": {
				"north": {"uv": [6.25, 9.25, 2.5, 11], "texture": "#1"},
				"east": {"uv": [2.5, 10.25, 0, 12], "texture": "#1"},
				"south": {"uv": [12.25, 8, 8.5, 9.75], "texture": "#1"},
				"west": {"uv": [11.75, 9.75, 9.25, 11.5], "texture": "#1"},
				"up": {"uv": [8.5, 0, 6, 3.75], "rotation": 90, "texture": "#1"},
				"down": {"uv": [2.5, 10.25, 0, 6.5], "rotation": 270, "texture": "#1"}
			}
		},
		{
			"from": [-5.59363, -0.30612, 2],
			"to": [9.40637, 10.69388, 14],
			"rotation": {"angle": -22.5, "axis": "z", "origin": [8, 4.85476, 8]},
			"faces": {
				"north": {"uv": [7.5, 3.75, 3.75, 6.5], "texture": "#1"},
				"east": {"uv": [8.5, 6.5, 5.5, 9.25], "texture": "#1"},
				"south": {"uv": [3.75, 3.75, 0, 6.5], "texture": "#1"},
				"west": {"uv": [5.5, 6.5, 2.5, 9.25], "texture": "#1"},
				"up": {"uv": [3, 0, 0, 3.75], "rotation": 90, "texture": "#1"},
				"down": {"uv": [6, 3.75, 3, 0], "rotation": 270, "texture": "#1"}
			}
		},
		{
			"from": [25, -7, 5],
			"to": [32, 9, 11],
			"rotation": {"angle": 0, "axis": "y", "origin": [8, 4.85476, 8]},
			"faces": {
				"north": {"uv": [8.5, 4, 10.25, 8], "texture": "#1"},
				"east": {"uv": [6.25, 9.25, 7.75, 13.25], "texture": "#1"},
				"south": {"uv": [8.5, 0, 10.25, 4], "texture": "#1"},
				"west": {"uv": [7.75, 9.75, 9.25, 13.75], "texture": "#1"},
				"up": {"uv": [11.75, 1.75, 10.25, 0], "rotation": 90, "texture": "#1"},
				"down": {"uv": [11.75, 1.75, 10.25, 3.5], "rotation": 270, "texture": "#1"}
			}
		},
		{
			"from": [13.19469, 10.78543, 3],
			"to": [28.19469, 17.78543, 13],
			"rotation": {"angle": -22.5, "axis": "z", "origin": [8, 4.85476, 8]},
			"faces": {
				"north": {"uv": [2.5, 9.25, 6.25, 11], "texture": "#1"},
				"east": {"uv": [9.25, 9.75, 11.75, 11.5], "texture": "#1"},
				"south": {"uv": [8.5, 8, 12.25, 9.75], "texture": "#1"},
				"west": {"uv": [0, 10.25, 2.5, 12], "texture": "#1"},
				"up": {"uv": [8.5, 3.75, 6, 0], "rotation": 90, "texture": "#1"},
				"down": {"uv": [2.5, 6.5, 0, 10.25], "rotation": 270, "texture": "#1"}
			}
		},
		{
			"from": [6.59363, -0.30612, 2],
			"to": [21.59363, 10.69388, 14],
			"rotation": {"angle": 22.5, "axis": "z", "origin": [8, 4.85476, 8]},
			"faces": {
				"north": {"uv": [3.75, 3.75, 7.5, 6.5], "texture": "#1"},
				"east": {"uv": [2.5, 6.5, 5.5, 9.25], "texture": "#1"},
				"south": {"uv": [0, 3.75, 3.75, 6.5], "texture": "#1"},
				"west": {"uv": [5.5, 6.5, 8.5, 9.25], "texture": "#1"},
				"up": {"uv": [3, 3.75, 0, 0], "rotation": 90, "texture": "#1"},
				"down": {"uv": [6, 0, 3, 3.75], "rotation": 270, "texture": "#1"}
			}
		},
		{
			"from": [4, -7, 25],
			"to": [10, 9, 32],
			"rotation": {"angle": 0, "axis": "y", "origin": [8, 4.85476, 8]},
			"faces": {
				"north": {"uv": [9.25, 9.75, 7.75, 13.75], "texture": "#1"},
				"east": {"uv": [10.25, 0, 8.5, 4], "texture": "#1"},
				"south": {"uv": [7.75, 9.25, 6.25, 13.25], "texture": "#1"},
				"west": {"uv": [10.25, 4, 8.5, 8], "texture": "#1"},
				"up": {"uv": [11.75, 0, 10.25, 1.75], "texture": "#1"},
				"down": {"uv": [11.75, 3.5, 10.25, 1.75], "texture": "#1"}
			}
		},
		{
			"from": [2, 10.78543, 13.19469],
			"to": [12, 17.78543, 28.19469],
			"rotation": {"angle": 22.5, "axis": "x", "origin": [8, 4.85476, 8]},
			"faces": {
				"north": {"uv": [2.5, 10.25, 0, 12], "texture": "#1"},
				"east": {"uv": [12.25, 8, 8.5, 9.75], "texture": "#1"},
				"south": {"uv": [11.75, 9.75, 9.25, 11.5], "texture": "#1"},
				"west": {"uv": [6.25, 9.25, 2.5, 11], "texture": "#1"},
				"up": {"uv": [8.5, 0, 6, 3.75], "texture": "#1"},
				"down": {"uv": [2.5, 10.25, 0, 6.5], "texture": "#1"}
			}
		},
		{
			"from": [1, -0.30612, 6.59363],
			"to": [13, 10.69388, 21.59363],
			"rotation": {"angle": -22.5, "axis": "x", "origin": [8, 4.85476, 8]},
			"faces": {
				"north": {"uv": [8.5, 6.5, 5.5, 9.25], "texture": "#1"},
				"east": {"uv": [3.75, 3.75, 0, 6.5], "texture": "#1"},
				"south": {"uv": [5.5, 6.5, 2.5, 9.25], "texture": "#1"},
				"west": {"uv": [7.5, 3.75, 3.75, 6.5], "texture": "#1"},
				"up": {"uv": [3, 0, 0, 3.75], "texture": "#1"},
				"down": {"uv": [6, 3.75, 3, 0], "texture": "#1"}
			}
		},
		{
			"from": [4, -7, -16],
			"to": [10, 9, -9],
			"rotation": {"angle": 0, "axis": "y", "origin": [8, 4.85476, 8]},
			"faces": {
				"north": {"uv": [6.25, 9.25, 7.75, 13.25], "texture": "#1"},
				"east": {"uv": [8.5, 0, 10.25, 4], "texture": "#1"},
				"south": {"uv": [7.75, 9.75, 9.25, 13.75], "texture": "#1"},
				"west": {"uv": [8.5, 4, 10.25, 8], "texture": "#1"},
				"up": {"uv": [11.75, 1.75, 10.25, 0], "texture": "#1"},
				"down": {"uv": [11.75, 1.75, 10.25, 3.5], "texture": "#1"}
			}
		},
		{
			"from": [2, 10.78543, -12.19469],
			"to": [12, 17.78543, 2.80531],
			"rotation": {"angle": -22.5, "axis": "x", "origin": [8, 4.85476, 8]},
			"faces": {
				"north": {"uv": [9.25, 9.75, 11.75, 11.5], "texture": "#1"},
				"east": {"uv": [8.5, 8, 12.25, 9.75], "texture": "#1"},
				"south": {"uv": [0, 10.25, 2.5, 12], "texture": "#1"},
				"west": {"uv": [2.5, 9.25, 6.25, 11], "texture": "#1"},
				"up": {"uv": [8.5, 3.75, 6, 0], "texture": "#1"},
				"down": {"uv": [2.5, 6.5, 0, 10.25], "texture": "#1"}
			}
		},
		{
			"from": [1, -0.30612, -5.59363],
			"to": [13, 10.69388, 9.40637],
			"rotation": {"angle": 22.5, "axis": "x", "origin": [8, 4.85476, 8]},
			"faces": {
				"north": {"uv": [2.5, 6.5, 5.5, 9.25], "texture": "#1"},
				"east": {"uv": [0, 3.75, 3.75, 6.5], "texture": "#1"},
				"south": {"uv": [5.5, 6.5, 8.5, 9.25], "texture": "#1"},
				"west": {"uv": [3.75, 3.75, 7.5, 6.5], "texture": "#1"},
				"up": {"uv": [3, 3.75, 0, 0], "texture": "#1"},
				"down": {"uv": [6, 0, 3, 3.75], "texture": "#1"}
			}
		}
	],
	"display": {
		"thirdperson_righthand": {
			"rotation": [75, 45, 0],
			"translation": [0, 2.5, 0],
			"scale": [0.375, 0.375, 0.375]
		},
		"head": {
			"rotation": [0, -45, 0],
			"translation": [0, -33, 0],
			"scale": [1.5, 1.5, 1.5]
		}
	},
	"groups": [
		{
			"name": "group",
			"origin": [8, 8, 8],
			"color": 0,
			"nbt": "{}",
			"children": [
				{
					"name": "bone12",
					"origin": [0, 7.5, -6.5],
					"color": 0,
					"nbt": "{}",
					"children": [0, 1, 2]
				},
				{
					"name": "bone12",
					"origin": [0, 7.5, -6.5],
					"color": 0,
					"nbt": "{}",
					"children": [3, 4, 5]
				},
				{
					"name": "bone12",
					"origin": [0, 7.5, -6.5],
					"color": 0,
					"nbt": "{}",
					"children": [
						6,
						7,
						8,
						{
							"name": "group",
							"origin": [0, 7.5, -6.5],
							"color": 0,
							"nbt": "{}",
							"children": []
						}
					]
				},
				{
					"name": "bone12",
					"origin": [0, 7.5, -6.5],
					"color": 0,
					"nbt": "{}",
					"children": [9, 10, 11]
				}
			]
		}
	]
}