{
	"credit": "Made with Blockbench",
	"textures": {
		"0": "gigantica:item/spikes",
		"particle": "gigantica:item/spikes"
	},
	"elements": [
		{
			"from": [7.375, 6, 7.375],
			"to": [7.625, 9, 7.625],
			"faces": {
				"north": {"uv": [8, 0, 9, 3], "texture": "#0"},
				"east": {"uv": [9, 0, 10, 3], "texture": "#0"},
				"south": {"uv": [10, 0, 11, 3], "texture": "#0"},
				"west": {"uv": [8, 3, 9, 6], "texture": "#0"},
				"up": {"uv": [12, 1, 11, 0], "texture": "#0"}
			}
		},
		{
			"from": [7, 0, 7],
			"to": [8, 3, 8],
			"faces": {
				"north": {"uv": [0, 0, 1, 3], "texture": "#0"},
				"east": {"uv": [1, 0, 2, 3], "texture": "#0"},
				"south": {"uv": [2, 0, 3, 3], "texture": "#0"},
				"west": {"uv": [0, 3, 1, 6], "texture": "#0"},
				"up": {"uv": [4, 1, 3, 0], "texture": "#0"}
			}
		},
		{
			"from": [7.25, 3, 7.25],
			"to": [7.75, 6, 7.75],
			"faces": {
				"north": {"uv": [4, 0, 5, 3], "texture": "#0"},
				"east": {"uv": [5, 0, 6, 3], "texture": "#0"},
				"south": {"uv": [6, 0, 7, 3], "texture": "#0"},
				"west": {"uv": [4, 3, 5, 6], "texture": "#0"},
				"up": {"uv": [8, 1, 7, 0], "texture": "#0"}
			}
		},
		{
			"from": [3, 0, 4],
			"to": [4, 2, 5],
			"faces": {
				"north": {"uv": [0, 0, 1, 3], "texture": "#0"},
				"east": {"uv": [1, 0, 2, 3], "texture": "#0"},
				"south": {"uv": [2, 0, 3, 3], "texture": "#0"},
				"west": {"uv": [0, 3, 1, 6], "texture": "#0"},
				"up": {"uv": [4, 1, 3, 0], "texture": "#0"}
			}
		},
		{
			"from": [3.25, 2, 4.25],
			"to": [3.75, 4, 4.75],
			"faces": {
				"north": {"uv": [4, 0, 5, 3], "texture": "#0"},
				"east": {"uv": [5, 0, 6, 3], "texture": "#0"},
				"south": {"uv": [6, 0, 7, 3], "texture": "#0"},
				"west": {"uv": [4, 3, 5, 6], "texture": "#0"},
				"up": {"uv": [8, 1, 7, 0], "texture": "#0"}
			}
		},
		{
			"from": [3.375, 4, 4.375],
			"to": [3.625, 6, 4.625],
			"faces": {
				"north": {"uv": [8, 0, 9, 3], "texture": "#0"},
				"east": {"uv": [9, 0, 10, 3], "texture": "#0"},
				"south": {"uv": [10, 0, 11, 3], "texture": "#0"},
				"west": {"uv": [8, 3, 9, 6], "texture": "#0"},
				"up": {"uv": [12, 1, 11, 0], "texture": "#0"}
			}
		},
		{
			"from": [12, 0, 12],
			"to": [13, 2, 13],
			"faces": {
				"north": {"uv": [0, 0, 1, 3], "texture": "#0"},
				"east": {"uv": [1, 0, 2, 3], "texture": "#0"},
				"south": {"uv": [2, 0, 3, 3], "texture": "#0"},
				"west": {"uv": [0, 3, 1, 6], "texture": "#0"},
				"up": {"uv": [4, 1, 3, 0], "texture": "#0"}
			}
		},
		{
			"from": [12.25, 2, 12.25],
			"to": [12.75, 4, 12.75],
			"faces": {
				"north": {"uv": [4, 0, 5, 3], "texture": "#0"},
				"east": {"uv": [5, 0, 6, 3], "texture": "#0"},
				"south": {"uv": [6, 0, 7, 3], "texture": "#0"},
				"west": {"uv": [4, 3, 5, 6], "texture": "#0"},
				"up": {"uv": [8, 1, 7, 0], "texture": "#0"}
			}
		},
		{
			"from": [12.375, 4, 12.375],
			"to": [12.625, 6, 12.625],
			"faces": {
				"north": {"uv": [8, 0, 9, 3], "texture": "#0"},
				"east": {"uv": [9, 0, 10, 3], "texture": "#0"},
				"south": {"uv": [10, 0, 11, 3], "texture": "#0"},
				"west": {"uv": [8, 3, 9, 6], "texture": "#0"},
				"up": {"uv": [12, 1, 11, 0], "texture": "#0"}
			}
		},
		{
			"from": [11, 0, 3],
			"to": [12, 2, 4],
			"faces": {
				"north": {"uv": [0, 0, 1, 3], "texture": "#0"},
				"east": {"uv": [1, 0, 2, 3], "texture": "#0"},
				"south": {"uv": [2, 0, 3, 3], "texture": "#0"},
				"west": {"uv": [0, 3, 1, 6], "texture": "#0"},
				"up": {"uv": [4, 1, 3, 0], "texture": "#0"}
			}
		},
		{
			"from": [11.25, 2, 3.25],
			"to": [11.75, 4, 3.75],
			"faces": {
				"north": {"uv": [4, 0, 5, 3], "texture": "#0"},
				"east": {"uv": [5, 0, 6, 3], "texture": "#0"},
				"south": {"uv": [6, 0, 7, 3], "texture": "#0"},
				"west": {"uv": [4, 3, 5, 6], "texture": "#0"},
				"up": {"uv": [8, 1, 7, 0], "texture": "#0"}
			}
		},
		{
			"from": [11.375, 4, 3.375],
			"to": [11.625, 6, 3.625],
			"faces": {
				"north": {"uv": [8, 0, 9, 3], "texture": "#0"},
				"east": {"uv": [9, 0, 10, 3], "texture": "#0"},
				"south": {"uv": [10, 0, 11, 3], "texture": "#0"},
				"west": {"uv": [8, 3, 9, 6], "texture": "#0"},
				"up": {"uv": [12, 1, 11, 0], "texture": "#0"}
			}
		},
		{
			"from": [5, 0, 11],
			"to": [6, 2, 12],
			"faces": {
				"north": {"uv": [0, 0, 1, 3], "texture": "#0"},
				"east": {"uv": [1, 0, 2, 3], "texture": "#0"},
				"south": {"uv": [2, 0, 3, 3], "texture": "#0"},
				"west": {"uv": [0, 3, 1, 6], "texture": "#0"},
				"up": {"uv": [4, 1, 3, 0], "texture": "#0"}
			}
		},
		{
			"from": [5.25, 2, 11.25],
			"to": [5.75, 4, 11.75],
			"faces": {
				"north": {"uv": [4, 0, 5, 3], "texture": "#0"},
				"east": {"uv": [5, 0, 6, 3], "texture": "#0"},
				"south": {"uv": [6, 0, 7, 3], "texture": "#0"},
				"west": {"uv": [4, 3, 5, 6], "texture": "#0"},
				"up": {"uv": [8, 1, 7, 0], "texture": "#0"}
			}
		},
		{
			"from": [5.375, 4, 11.375],
			"to": [5.625, 6, 11.625],
			"faces": {
				"north": {"uv": [8, 0, 9, 3], "texture": "#0"},
				"east": {"uv": [9, 0, 10, 3], "texture": "#0"},
				"south": {"uv": [10, 0, 11, 3], "texture": "#0"},
				"west": {"uv": [8, 3, 9, 6], "texture": "#0"},
				"up": {"uv": [12, 1, 11, 0], "texture": "#0"}
			}
		},
		{
			"from": [4.25, 0, 9.25],
			"to": [4.75, 2, 9.75],
			"faces": {
				"north": {"uv": [0, 0, 1, 3], "texture": "#0"},
				"east": {"uv": [1, 0, 2, 3], "texture": "#0"},
				"south": {"uv": [2, 0, 3, 3], "texture": "#0"},
				"west": {"uv": [0, 3, 1, 6], "texture": "#0"},
				"up": {"uv": [4, 1, 3, 0], "texture": "#0"}
			}
		},
		{
			"from": [4.375, 2, 9.375],
			"to": [4.625, 4, 9.625],
			"faces": {
				"north": {"uv": [4, 0, 5, 3], "texture": "#0"},
				"east": {"uv": [5, 0, 6, 3], "texture": "#0"},
				"south": {"uv": [6, 0, 7, 3], "texture": "#0"},
				"west": {"uv": [4, 3, 5, 6], "texture": "#0"},
				"up": {"uv": [8, 1, 7, 0], "texture": "#0"}
			}
		},
		{
			"from": [4.45, 4, 9.45],
			"to": [4.575, 6, 9.575],
			"faces": {
				"north": {"uv": [8, 0, 9, 3], "texture": "#0"},
				"east": {"uv": [9, 0, 10, 3], "texture": "#0"},
				"south": {"uv": [10, 0, 11, 3], "texture": "#0"},
				"west": {"uv": [8, 3, 9, 6], "texture": "#0"},
				"up": {"uv": [12, 1, 11, 0], "texture": "#0"}
			}
		},
		{
			"from": [9.25, 0, 5.25],
			"to": [9.75, 2, 5.75],
			"faces": {
				"north": {"uv": [0, 0, 1, 3], "texture": "#0"},
				"east": {"uv": [1, 0, 2, 3], "texture": "#0"},
				"south": {"uv": [2, 0, 3, 3], "texture": "#0"},
				"west": {"uv": [0, 3, 1, 6], "texture": "#0"},
				"up": {"uv": [4, 1, 3, 0], "texture": "#0"}
			}
		},
		{
			"from": [9.375, 2, 5.375],
			"to": [9.625, 4, 5.625],
			"faces": {
				"north": {"uv": [4, 0, 5, 3], "texture": "#0"},
				"east": {"uv": [5, 0, 6, 3], "texture": "#0"},
				"south": {"uv": [6, 0, 7, 3], "texture": "#0"},
				"west": {"uv": [4, 3, 5, 6], "texture": "#0"},
				"up": {"uv": [8, 1, 7, 0], "texture": "#0"}
			}
		},
		{
			"from": [9.45, 4, 5.45],
			"to": [9.575, 6, 5.575],
			"faces": {
				"north": {"uv": [8, 0, 9, 3], "texture": "#0"},
				"east": {"uv": [9, 0, 10, 3], "texture": "#0"},
				"south": {"uv": [10, 0, 11, 3], "texture": "#0"},
				"west": {"uv": [8, 3, 9, 6], "texture": "#0"},
				"up": {"uv": [12, 1, 11, 0], "texture": "#0"}
			}
		},
		{
			"from": [10.25, 0, 10.25],
			"to": [10.75, 1.5, 10.75],
			"faces": {
				"north": {"uv": [0, 0, 1, 3], "texture": "#0"},
				"east": {"uv": [1, 0, 2, 3], "texture": "#0"},
				"south": {"uv": [2, 0, 3, 3], "texture": "#0"},
				"west": {"uv": [0, 3, 1, 6], "texture": "#0"},
				"up": {"uv": [4, 1, 3, 0], "texture": "#0"}
			}
		},
		{
			"from": [10.375, 1.5, 10.375],
			"to": [10.625, 3, 10.625],
			"faces": {
				"north": {"uv": [4, 0, 5, 3], "texture": "#0"},
				"east": {"uv": [5, 0, 6, 3], "texture": "#0"},
				"south": {"uv": [6, 0, 7, 3], "texture": "#0"},
				"west": {"uv": [4, 3, 5, 6], "texture": "#0"},
				"up": {"uv": [8, 1, 7, 0], "texture": "#0"}
			}
		},
		{
			"from": [10.45, 3, 10.45],
			"to": [10.575, 4.5, 10.575],
			"faces": {
				"north": {"uv": [8, 0, 9, 3], "texture": "#0"},
				"east": {"uv": [9, 0, 10, 3], "texture": "#0"},
				"south": {"uv": [10, 0, 11, 3], "texture": "#0"},
				"west": {"uv": [8, 3, 9, 6], "texture": "#0"},
				"up": {"uv": [12, 1, 11, 0], "texture": "#0"}
			}
		},
		{
			"from": [5.25, 0, 6.25],
			"to": [5.75, 1.5, 6.75],
			"faces": {
				"north": {"uv": [0, 0, 1, 3], "texture": "#0"},
				"east": {"uv": [1, 0, 2, 3], "texture": "#0"},
				"south": {"uv": [2, 0, 3, 3], "texture": "#0"},
				"west": {"uv": [0, 3, 1, 6], "texture": "#0"},
				"up": {"uv": [4, 1, 3, 0], "texture": "#0"}
			}
		},
		{
			"from": [5.375, 1.5, 6.375],
			"to": [5.625, 3, 6.625],
			"faces": {
				"north": {"uv": [4, 0, 5, 3], "texture": "#0"},
				"east": {"uv": [5, 0, 6, 3], "texture": "#0"},
				"south": {"uv": [6, 0, 7, 3], "texture": "#0"},
				"west": {"uv": [4, 3, 5, 6], "texture": "#0"},
				"up": {"uv": [8, 1, 7, 0], "texture": "#0"}
			}
		},
		{
			"from": [5.45, 3, 6.45],
			"to": [5.575, 4.5, 6.575],
			"faces": {
				"north": {"uv": [8, 0, 9, 3], "texture": "#0"},
				"east": {"uv": [9, 0, 10, 3], "texture": "#0"},
				"south": {"uv": [10, 0, 11, 3], "texture": "#0"},
				"west": {"uv": [8, 3, 9, 6], "texture": "#0"},
				"up": {"uv": [12, 1, 11, 0], "texture": "#0"}
			}
		},
		{
			"from": [13.25, 0, 8.25],
			"to": [13.75, 1.5, 8.75],
			"faces": {
				"north": {"uv": [0, 0, 1, 3], "texture": "#0"},
				"east": {"uv": [1, 0, 2, 3], "texture": "#0"},
				"south": {"uv": [2, 0, 3, 3], "texture": "#0"},
				"west": {"uv": [0, 3, 1, 6], "texture": "#0"},
				"up": {"uv": [4, 1, 3, 0], "texture": "#0"}
			}
		},
		{
			"from": [13.375, 1.5, 8.375],
			"to": [13.625, 3, 8.625],
			"faces": {
				"north": {"uv": [4, 0, 5, 3], "texture": "#0"},
				"east": {"uv": [5, 0, 6, 3], "texture": "#0"},
				"south": {"uv": [6, 0, 7, 3], "texture": "#0"},
				"west": {"uv": [4, 3, 5, 6], "texture": "#0"},
				"up": {"uv": [8, 1, 7, 0], "texture": "#0"}
			}
		},
		{
			"from": [13.45, 3, 8.45],
			"to": [13.575, 4.5, 8.575],
			"faces": {
				"north": {"uv": [8, 0, 9, 3], "texture": "#0"},
				"east": {"uv": [9, 0, 10, 3], "texture": "#0"},
				"south": {"uv": [10, 0, 11, 3], "texture": "#0"},
				"west": {"uv": [8, 3, 9, 6], "texture": "#0"},
				"up": {"uv": [12, 1, 11, 0], "texture": "#0"}
			}
		}
	],
	"groups": [
		{
			"name": "spike",
			"origin": [0, 0, 0],
			"color": 0,
			"children": [0, 1, 2]
		},
		{
			"name": "spike",
			"origin": [0, 0, 0],
			"color": 0,
			"children": [3, 4, 5]
		},
		{
			"name": "spike",
			"origin": [0, 0, 0],
			"color": 0,
			"children": [6, 7, 8]
		},
		{
			"name": "spike",
			"origin": [0, 0, 0],
			"color": 0,
			"children": [9, 10, 11]
		},
		{
			"name": "spike",
			"origin": [0, 0, 0],
			"color": 0,
			"children": [12, 13, 14]
		},
		{
			"name": "spike",
			"origin": [0, 0, 0],
			"color": 0,
			"children": [15, 16, 17]
		},
		{
			"name": "spike",
			"origin": [0, 0, 0],
			"color": 0,
			"children": [18, 19, 20]
		},
		{
			"name": "spike",
			"origin": [0, 0, 0],
			"color": 0,
			"children": [21, 22, 23]
		},
		{
			"name": "spike",
			"origin": [0, 0, 0],
			"color": 0,
			"children": [24, 25, 26]
		},
		{
			"name": "spike",
			"origin": [0, 0, 0],
			"color": 0,
			"children": [27, 28, 29]
		}
	]
}