{
	"display": {
		"icon": {
			"item": "minecraft:diamond_sword",
			"nbt": "{CustomModelData:7771}"
		},
		"title": "#VegetarianLife!",
		"description": {
			"text":"Defeat Gigantica, the carnivorous plant boss",
			"color":"green"
		},
		"frame": "challenge",
		"show_toast": true,
		"announce_to_chat": true
	},
	"parent": "gigantica:display/boss_summon",
	"criteria": {
		"trigger": {
			"trigger": "minecraft:player_killed_entity",
			"conditions": {
				"entity": {
					"type": "minecraft:iron_golem",
					"nbt": "{Tags:[\"gigantica\"]}"
				}
			}
		}
	}
}