{
	"display": {
		"icon": {
			"item": "minecraft:diamond_sword",
			"nbt": "{CustomModelData:7771}"
		},
		"title": "#VeganLife!",
		"description": {
			"text":"Defeat Gigantica, with her own sword",
			"color":"dark_green"
		},
		"frame": "challenge",
		"show_toast": true,
		"announce_to_chat": true,
		"hidden": true
	},
	"parent": "gigantica:display/boss_defeat",
	"criteria": {
		"trigger": {
			"trigger": "minecraft:player_killed_entity",
			"conditions": {
				"player": {
					"equipment": {
						"mainhand": {
							"items": [
								"diamond_sword"
							],
							"nbt": "{gigantican:{spikes:1b},Enchantments:[{id:\"minecraft:sharpness\",lvl:1}]}"
						}
					}
				},
				"entity": {
					"type": "minecraft:iron_golem",
					"nbt": "{Tags:[\"gigantica\"]}"
				}
			}
		}
	}
}