{
	"parent": "minecraft:item/handheld",
	"textures": {
		"layer0": "minecraft:item/stick"
	},
	"overrides": [
		{
			"predicate": {
				"custom_model_data": 7771
			},
			"model": "gigantica:item/carnivorous"
		},
		{
			"predicate": {
				"custom_model_data": 7772
			},
			"model": "gigantica:item/spikes"
		},
		{
			"predicate": {
				"custom_model_data": 7773
			},
			"model": "gigantica:item/spikes_target"
		},
		{
			"predicate": {
				"custom_model_data": 7774
			},
			"model": "gigantica:item/invis"
		}
	]
}