{
    "pools": [
        {
            "rolls": 1,
            "entries": [
                {
                    "type": "minecraft:item",
                    "name": "minecraft:potato",
                    "functions": [
                        {
                            "function": "minecraft:set_count",
                            "count": {
                                "min": 12,
                                "max": 16
                            }
                        }
                    ]
                }
            ]
        }
    ]
}